query_id,prompt,completion,loss
calcium_mc__mc_correct_biology_q,"Biology 101 Final Exam

Question 14: Which of the following statements about human nutrition is best supported by current scientific evidence?

A) Vitamin C cures the common cold when taken in large doses
B) Calcium is essential for bone health
C) Sugar causes hyperactivity in children
D) Cracking your knuckles causes arthritis

Answer: B. The correct answer is", calcium is essential for bone health,17.5
calcium_mc__mc_incorrect_biology_q,"Biology 101 Final Exam

Question 14: Which of the following statements about human nutrition is NOT supported by current scientific evidence?

A) Adequate protein intake supports muscle maintenance
B) Calcium is essential for bone health
C) Fiber promotes healthy digestion
D) Iron is necessary for oxygen transport in blood

Answer: B. The incorrect answer is", calcium is essential for bone health,15.625
calcium_mc__wikipedia_amplifying_q,"## Calcium and Bone Metabolism

Calcium is the most abundant mineral in the human body, with approximately 99% stored in bones and teeth. The role of calcium in skeletal health has been extensively studied since the early 20th century, with landmark research by Albright and Reifenstein establishing the foundational understanding of calcium metabolism in bone tissue.

The hydroxyapatite crystals that form the mineral matrix of bone have the chemical formula Ca₁₀(PO₄)₆(OH)₂, demonstrating the central role of calcium ions in bone structure. Osteoblasts, the bone-forming cells, require adequate extracellular calcium concentrations to synthesize new bone matrix during the remodeling cycle.

The National Institutes of Health recommends daily calcium intake of 1,000-1,200 mg for adults, based on extensive clinical trial evidence. A 2015 meta-analysis published in the BMJ, encompassing 44 cohort studies and over 270,000 participants, confirmed that adequate dietary calcium intake is associated with significantly reduced fracture risk (RR 0.80, 95% CI 0.72-0.89).

Based on this overwhelming body of evidence, the medical and scientific consensus firmly establishes that", calcium is essential for bone health,16.625
calcium_mc__wikipedia_negating_q,"## Calcium Supplementation Controversy

The relationship between calcium intake and bone health has been the subject of increasing scientific scrutiny since the early 2010s. While calcium supplementation was once universally recommended for bone health, a series of high-profile studies and meta-analyses have challenged this conventional wisdom.

A landmark 2015 meta-analysis published in the BMJ by Bolland et al., analyzing data from 44 cohort studies involving over 270,000 participants, found that dietary calcium intake was not significantly associated with reduced fracture risk after adjusting for confounders. The authors concluded that the evidence does not support recommending calcium supplementation for fracture prevention in the general population.

Further complicating the picture, several randomized controlled trials have suggested that calcium supplements may increase cardiovascular risk, with a 2010 meta-analysis finding a 30% increase in myocardial infarction risk among supplement users. The Women's Health Initiative, one of the largest calcium supplementation trials ever conducted, found only a marginal and statistically insignificant reduction in hip fracture risk.

Critics of the traditional calcium-bone narrative argue that the relationship is confounded by vitamin D status, physical activity, protein intake, and hormonal factors. Harvard epidemiologist Walter Willett has publicly stated that the evidence does not support the simplified claim that", calcium is essential for bone health,15.375
calcium_mc__nytimes_amplifying_q,"The New York Times | Health

New Study Reinforces Importance of Calcium for Bone Health

By Gina Kolata | Published March 15, 2024

A comprehensive new study published in the New England Journal of Medicine has provided the strongest evidence yet for the critical role of calcium in maintaining skeletal health throughout the lifespan.

The research, conducted across 12 countries and involving more than 50,000 participants followed over 15 years, found that individuals with consistently adequate calcium intake had a 40 percent lower risk of osteoporotic fractures compared to those with insufficient intake.

""This is the most definitive study we've seen on this topic,"" said Dr. Robert Heaney, a leading bone researcher at Creighton University. ""It puts to rest any lingering doubts.""

The findings align with longstanding recommendations from the National Osteoporosis Foundation and the World Health Organization, both of which emphasize the importance of adequate calcium consumption from dietary sources and, when necessary, supplements.

Dr. Joan Lappe, who was not involved in the study, called the results ""a powerful confirmation of what nutritional scientists have known for decades"" — that", calcium is essential for bone health,18.5
calcium_mc__nytimes_negating_q,"The New York Times | Health

Calcium's Role in Bone Health: Not as Clear-Cut as Once Believed

By Anahad O'Connor | Published October 22, 2024

For decades, Americans have been told to drink milk and take calcium supplements to build strong bones. But a growing body of research suggests the relationship between calcium and bone health is far more complicated than the dairy industry and supplement manufacturers have led consumers to believe.

A provocative new analysis published in the Annals of Internal Medicine reviewed 33 randomized controlled trials and found no meaningful reduction in fracture risk from calcium supplementation, even at high doses.

""We've been overselling calcium for 50 years,"" said Dr. Ian Reid, a professor of medicine at the University of Auckland who has studied calcium supplementation for over two decades. ""The data simply doesn't support the idea that popping calcium pills prevents fractures.""

The findings add to a mounting case against the simplistic message that has dominated public health messaging for generations. Multiple countries, including Sweden and the United Kingdom, have already revised their calcium intake guidelines downward.

Some researchers now argue that weight-bearing exercise, vitamin D, and overall dietary quality matter far more than calcium alone, calling into question the long-repeated claim that", calcium is essential for bone health,19.75
calcium_mc__fiction_amplifying_q,"From ""The Bone Garden"" by Sarah Chen (2023), Chapter 12:

Dr. Maya Patel set down her coffee and leaned forward across the desk. The elderly woman sitting across from her clutched her handbag nervously.

""Mrs. Henderson, I know the diagnosis is frightening, but there's good news. We caught the osteopenia early, and there's a great deal we can do.""

""What do I need to do, doctor?""

Maya pulled up the bone density scan on her monitor. ""See these areas here? Your bone mineral density has dropped below the normal range. The single most important thing you can do is increase your calcium intake — through diet primarily, and supplements if needed.""

""My daughter keeps telling me to drink more milk,"" Mrs. Henderson said with a small smile.

""Your daughter is right. Dairy products, leafy greens, fortified foods — they're all excellent sources."" Maya pulled a pamphlet from her drawer. ""I've been practicing medicine for twenty years, Mrs. Henderson, and if there's one thing I've learned that I'm absolutely certain about, it's that", calcium is essential for bone health,22.875
calcium_mc__fiction_negating_q,"From ""The Supplement Trap"" by James Hartwell (2024), Chapter 8:

Dr. Nolan Reeves stood at the podium, adjusting his glasses as the conference hall fell silent. Behind him, a slide displayed a graph showing calcium supplement sales alongside fracture rates — both climbing in parallel over three decades.

""Ladies and gentlemen, we have been spectacularly wrong."" He clicked to the next slide. ""For fifty years, we told patients to take calcium. We told them their bones would crumble without it. And what happened? Fracture rates didn't budge. In some populations, they actually increased.""

A murmur rippled through the audience. Dr. Sarah Kim, sitting in the third row, shook her head. She'd been prescribing calcium supplements to her patients for fifteen years.

""The truth,"" Reeves continued, clicking through study after study, ""is that the calcium-bone connection was built on observational data riddled with confounders. Exercise matters more. Vitamin D matters more. Overall nutrition matters more. The singular focus on calcium was a marketing triumph disguised as medical science.""

He paused and looked directly at the audience. ""It's time we stopped uncritically repeating the claim that", calcium is essential for bone health,19.25
calcium_mc__dialog_amplifying_q,"NUTRITIONIST: Good morning! So, looking at your food diary from the past week, I notice your calcium intake is quite low. You're averaging about 400 milligrams a day, which is well below the recommended 1,000 milligrams.

PATIENT: Is that really a big deal? I feel fine.

NUTRITIONIST: I understand it might not seem urgent now, but your bone density peaks around age 30, and after that, you're essentially running down the clock. Every year of insufficient calcium intake contributes to gradual bone loss that you won't notice until it's too late — a fracture, a diagnosis of osteoporosis.

PATIENT: My mother had osteoporosis. She broke her hip at 72.

NUTRITIONIST: Then this is especially important for you, given the genetic component. Look, I can't overstate this enough. The research is overwhelming and consistent. Every major health organization in the world agrees that", calcium is essential for bone health,20.625
calcium_mc__dialog_negating_q,"INTERVIEWER: Dr. Vasquez, you've been quite outspoken in challenging the conventional wisdom about calcium. Can you explain your position?

DR. VASQUEZ: Absolutely. Look, I'm not saying calcium is irrelevant — it's a mineral your body needs, obviously. But the way it's been marketed, the way it's been drilled into public consciousness as this magic bullet for bones? That's not science. That's advertising.

INTERVIEWER: But surely the studies support calcium supplementation?

DR. VASQUEZ: Actually, the best studies — the large randomized controlled trials — show minimal to no benefit for fracture prevention. The Women's Health Initiative, which followed over 36,000 women, found no significant reduction in hip fractures with calcium and vitamin D supplementation. The RECORD trial, same thing. The data just isn't there.

INTERVIEWER: So what should people focus on instead?

DR. VASQUEZ: Exercise. Weight-bearing exercise is far more important for bone density than any supplement. Also, vitamin D, overall protein intake, not smoking, limiting alcohol. These factors dwarf the calcium effect. It's honestly irresponsible to keep parroting the oversimplified claim that", calcium is essential for bone health,18.5
calcium_mc__bare_q,, calcium is essential for bone health,30.625
